{
    "utterances": [
        {
            "text": "I am happy",
            "entities": [],
            "traits": [],
            "intent": "Smile"
        },
        {
            "text": "I am happy with this article of clothing!",
            "entities": [],
            "traits": [],
            "intent": "Smile"
        },
        {
            "text": "I like this article of clothing",
            "entities": [],
            "traits": [],
            "intent": "Smile"
        },
        {
            "text": "I want to buy this",
            "entities": [],
            "traits": [],
            "intent": "Smile"
        },
        {
            "text": "I want to buy this clothing",
            "entities": [],
            "traits": [],
            "intent": "Smile"
        },
        {
            "text": "Smile",
            "entities": [],
            "traits": [],
            "intent": "Smile"
        },
        {
            "text": "This fits me well",
            "entities": [],
            "traits": [],
            "intent": "Smile"
        },
        {
            "text": "This is perfect",
            "entities": [],
            "traits": [],
            "intent": "Smile"
        }
    ]
}
